"poziom","X.Intercept.","target","model","grupa"
"1",-0.015055556574983,"wind_speed_10m_next","LMM RIFS dzien_roku","dzien_roku_f"
"2",0.0722105632866741,"wind_speed_10m_next","LMM RIFS dzien_roku","dzien_roku_f"
"3",0.0139443258496417,"wind_speed_10m_next","LMM RIFS dzien_roku","dzien_roku_f"
"4",0.0223040056477745,"wind_speed_10m_next","LMM RIFS dzien_roku","dzien_roku_f"
"5",-0.0416253673223181,"wind_speed_10m_next","LMM RIFS dzien_roku","dzien_roku_f"
"6",-0.00127307496606829,"wind_speed_10m_next","LMM RIFS dzien_roku","dzien_roku_f"
"7",-0.0364850681515273,"wind_speed_10m_next","LMM RIFS dzien_roku","dzien_roku_f"
"8",-0.0221825294192328,"wind_speed_10m_next","LMM RIFS dzien_roku","dzien_roku_f"
"9",-0.000731134880531383,"wind_speed_10m_next","LMM RIFS dzien_roku","dzien_roku_f"
"10",0.0202405053909328,"wind_speed_10m_next","LMM RIFS dzien_roku","dzien_roku_f"
"11",0.0404915746868557,"wind_speed_10m_next","LMM RIFS dzien_roku","dzien_roku_f"
"12",0.0114543910498133,"wind_speed_10m_next","LMM RIFS dzien_roku","dzien_roku_f"
"13",-0.0499718440857481,"wind_speed_10m_next","LMM RIFS dzien_roku","dzien_roku_f"
"14",0.0469819844182602,"wind_speed_10m_next","LMM RIFS dzien_roku","dzien_roku_f"
"15",0.00412897413823978,"wind_speed_10m_next","LMM RIFS dzien_roku","dzien_roku_f"
"16",-0.01546871991895,"wind_speed_10m_next","LMM RIFS dzien_roku","dzien_roku_f"
"17",-0.0157003988548905,"wind_speed_10m_next","LMM RIFS dzien_roku","dzien_roku_f"
"18",0.0118128268938987,"wind_speed_10m_next","LMM RIFS dzien_roku","dzien_roku_f"
"19",0.00779750033404973,"wind_speed_10m_next","LMM RIFS dzien_roku","dzien_roku_f"
"20",-0.00181311263602233,"wind_speed_10m_next","LMM RIFS dzien_roku","dzien_roku_f"
"21",0.00497724130766095,"wind_speed_10m_next","LMM RIFS dzien_roku","dzien_roku_f"
"22",-0.0397702207449394,"wind_speed_10m_next","LMM RIFS dzien_roku","dzien_roku_f"
"23",-0.0512349841031273,"wind_speed_10m_next","LMM RIFS dzien_roku","dzien_roku_f"
"24",0.0195134711842464,"wind_speed_10m_next","LMM RIFS dzien_roku","dzien_roku_f"
"25",-0.0517924070259338,"wind_speed_10m_next","LMM RIFS dzien_roku","dzien_roku_f"
"26",0.0343254618074124,"wind_speed_10m_next","LMM RIFS dzien_roku","dzien_roku_f"
"27",0.0253786945413433,"wind_speed_10m_next","LMM RIFS dzien_roku","dzien_roku_f"
"28",0.0169162935128626,"wind_speed_10m_next","LMM RIFS dzien_roku","dzien_roku_f"
"29",0.0265388474444156,"wind_speed_10m_next","LMM RIFS dzien_roku","dzien_roku_f"
"30",-0.0183471833607318,"wind_speed_10m_next","LMM RIFS dzien_roku","dzien_roku_f"
"31",0.0540906018556726,"wind_speed_10m_next","LMM RIFS dzien_roku","dzien_roku_f"
"32",-0.0319556510922605,"wind_speed_10m_next","LMM RIFS dzien_roku","dzien_roku_f"
"33",0.0258541508074063,"wind_speed_10m_next","LMM RIFS dzien_roku","dzien_roku_f"
"34",-0.0417998619569113,"wind_speed_10m_next","LMM RIFS dzien_roku","dzien_roku_f"
"35",0.0418235055312461,"wind_speed_10m_next","LMM RIFS dzien_roku","dzien_roku_f"
"36",-0.0230594538940601,"wind_speed_10m_next","LMM RIFS dzien_roku","dzien_roku_f"
"37",-0.0383283586899918,"wind_speed_10m_next","LMM RIFS dzien_roku","dzien_roku_f"
"38",-0.0353018399697028,"wind_speed_10m_next","LMM RIFS dzien_roku","dzien_roku_f"
"39",-0.00668507802567295,"wind_speed_10m_next","LMM RIFS dzien_roku","dzien_roku_f"
"40",-0.0366928123781761,"wind_speed_10m_next","LMM RIFS dzien_roku","dzien_roku_f"
"41",-0.0262783987810733,"wind_speed_10m_next","LMM RIFS dzien_roku","dzien_roku_f"
"42",0.0395854491014426,"wind_speed_10m_next","LMM RIFS dzien_roku","dzien_roku_f"
"43",-0.0537579896594848,"wind_speed_10m_next","LMM RIFS dzien_roku","dzien_roku_f"
"44",-0.0396496573423314,"wind_speed_10m_next","LMM RIFS dzien_roku","dzien_roku_f"
"45",-0.0177161669002026,"wind_speed_10m_next","LMM RIFS dzien_roku","dzien_roku_f"
"46",0.0451999833718578,"wind_speed_10m_next","LMM RIFS dzien_roku","dzien_roku_f"
"47",0.0230993636524033,"wind_speed_10m_next","LMM RIFS dzien_roku","dzien_roku_f"
"48",0.0261111492526281,"wind_speed_10m_next","LMM RIFS dzien_roku","dzien_roku_f"
"49",-0.0038297894355085,"wind_speed_10m_next","LMM RIFS dzien_roku","dzien_roku_f"
"50",-0.0400047882875137,"wind_speed_10m_next","LMM RIFS dzien_roku","dzien_roku_f"
"51",0.012648130023598,"wind_speed_10m_next","LMM RIFS dzien_roku","dzien_roku_f"
"52",0.0207383325457548,"wind_speed_10m_next","LMM RIFS dzien_roku","dzien_roku_f"
"53",0.0326910787681228,"wind_speed_10m_next","LMM RIFS dzien_roku","dzien_roku_f"
"54",0.00145123535752365,"wind_speed_10m_next","LMM RIFS dzien_roku","dzien_roku_f"
"55",0.0429304337249326,"wind_speed_10m_next","LMM RIFS dzien_roku","dzien_roku_f"
"56",-0.0175105535123966,"wind_speed_10m_next","LMM RIFS dzien_roku","dzien_roku_f"
"57",-0.0236446723305162,"wind_speed_10m_next","LMM RIFS dzien_roku","dzien_roku_f"
"58",-0.0162839819543498,"wind_speed_10m_next","LMM RIFS dzien_roku","dzien_roku_f"
"59",-0.0305789436828594,"wind_speed_10m_next","LMM RIFS dzien_roku","dzien_roku_f"
"60",-0.00207907961810779,"wind_speed_10m_next","LMM RIFS dzien_roku","dzien_roku_f"
"61",0.0102277733619566,"wind_speed_10m_next","LMM RIFS dzien_roku","dzien_roku_f"
"62",-0.0401737366264574,"wind_speed_10m_next","LMM RIFS dzien_roku","dzien_roku_f"
"63",0.00489362429388875,"wind_speed_10m_next","LMM RIFS dzien_roku","dzien_roku_f"
"64",-0.0582359342523322,"wind_speed_10m_next","LMM RIFS dzien_roku","dzien_roku_f"
"65",0.0577496367729231,"wind_speed_10m_next","LMM RIFS dzien_roku","dzien_roku_f"
"66",-0.0100250991023823,"wind_speed_10m_next","LMM RIFS dzien_roku","dzien_roku_f"
"67",-0.0302303948568312,"wind_speed_10m_next","LMM RIFS dzien_roku","dzien_roku_f"
"68",-0.0361258569228144,"wind_speed_10m_next","LMM RIFS dzien_roku","dzien_roku_f"
"69",0.020671297137161,"wind_speed_10m_next","LMM RIFS dzien_roku","dzien_roku_f"
"70",0.0179041582664338,"wind_speed_10m_next","LMM RIFS dzien_roku","dzien_roku_f"
"71",-0.0333386582732949,"wind_speed_10m_next","LMM RIFS dzien_roku","dzien_roku_f"
"72",-0.0136490975178182,"wind_speed_10m_next","LMM RIFS dzien_roku","dzien_roku_f"
"73",0.0311593430486012,"wind_speed_10m_next","LMM RIFS dzien_roku","dzien_roku_f"
"74",-0.00112394608961031,"wind_speed_10m_next","LMM RIFS dzien_roku","dzien_roku_f"
"75",0.0471083878145629,"wind_speed_10m_next","LMM RIFS dzien_roku","dzien_roku_f"
"76",0.0663466202099019,"wind_speed_10m_next","LMM RIFS dzien_roku","dzien_roku_f"
"77",0.022298120723635,"wind_speed_10m_next","LMM RIFS dzien_roku","dzien_roku_f"
"78",0.0026981716915044,"wind_speed_10m_next","LMM RIFS dzien_roku","dzien_roku_f"
"79",0.0467853869312285,"wind_speed_10m_next","LMM RIFS dzien_roku","dzien_roku_f"
"80",0.0421683863100434,"wind_speed_10m_next","LMM RIFS dzien_roku","dzien_roku_f"
"81",-0.019884652759893,"wind_speed_10m_next","LMM RIFS dzien_roku","dzien_roku_f"
"82",0.0140051445561788,"wind_speed_10m_next","LMM RIFS dzien_roku","dzien_roku_f"
"83",-0.0138489871975191,"wind_speed_10m_next","LMM RIFS dzien_roku","dzien_roku_f"
"84",-0.0366956617023067,"wind_speed_10m_next","LMM RIFS dzien_roku","dzien_roku_f"
"85",-0.0167518208745263,"wind_speed_10m_next","LMM RIFS dzien_roku","dzien_roku_f"
"86",-0.000378756876097434,"wind_speed_10m_next","LMM RIFS dzien_roku","dzien_roku_f"
"87",0.00148066076441479,"wind_speed_10m_next","LMM RIFS dzien_roku","dzien_roku_f"
"88",-0.00164370750250117,"wind_speed_10m_next","LMM RIFS dzien_roku","dzien_roku_f"
"89",-0.0209609885643452,"wind_speed_10m_next","LMM RIFS dzien_roku","dzien_roku_f"
"90",-0.00492183540879259,"wind_speed_10m_next","LMM RIFS dzien_roku","dzien_roku_f"
"91",0.00189595678976784,"wind_speed_10m_next","LMM RIFS dzien_roku","dzien_roku_f"
"92",0.0187630304724304,"wind_speed_10m_next","LMM RIFS dzien_roku","dzien_roku_f"
"93",0.000533803762738953,"wind_speed_10m_next","LMM RIFS dzien_roku","dzien_roku_f"
"94",0.0317355280116641,"wind_speed_10m_next","LMM RIFS dzien_roku","dzien_roku_f"
"95",0.0554170163577286,"wind_speed_10m_next","LMM RIFS dzien_roku","dzien_roku_f"
"96",-0.00604617023748581,"wind_speed_10m_next","LMM RIFS dzien_roku","dzien_roku_f"
"97",0.0139576263908473,"wind_speed_10m_next","LMM RIFS dzien_roku","dzien_roku_f"
"98",0.0086645515050658,"wind_speed_10m_next","LMM RIFS dzien_roku","dzien_roku_f"
"99",-0.00278004256321485,"wind_speed_10m_next","LMM RIFS dzien_roku","dzien_roku_f"
"100",0.00263471484052466,"wind_speed_10m_next","LMM RIFS dzien_roku","dzien_roku_f"
"101",0.0221791195569711,"wind_speed_10m_next","LMM RIFS dzien_roku","dzien_roku_f"
"102",-0.0176168640761599,"wind_speed_10m_next","LMM RIFS dzien_roku","dzien_roku_f"
"103",0.00285877785725557,"wind_speed_10m_next","LMM RIFS dzien_roku","dzien_roku_f"
"104",-0.000620748525242412,"wind_speed_10m_next","LMM RIFS dzien_roku","dzien_roku_f"
"105",0.0197812234833029,"wind_speed_10m_next","LMM RIFS dzien_roku","dzien_roku_f"
"106",-0.0225084464774669,"wind_speed_10m_next","LMM RIFS dzien_roku","dzien_roku_f"
"107",0.0411400845693543,"wind_speed_10m_next","LMM RIFS dzien_roku","dzien_roku_f"
"108",0.0156736810313954,"wind_speed_10m_next","LMM RIFS dzien_roku","dzien_roku_f"
"109",0.007687146612285,"wind_speed_10m_next","LMM RIFS dzien_roku","dzien_roku_f"
"110",0.00824803158553069,"wind_speed_10m_next","LMM RIFS dzien_roku","dzien_roku_f"
"111",-0.00948112062876171,"wind_speed_10m_next","LMM RIFS dzien_roku","dzien_roku_f"
"112",0.0212172753735769,"wind_speed_10m_next","LMM RIFS dzien_roku","dzien_roku_f"
"113",0.011916681220137,"wind_speed_10m_next","LMM RIFS dzien_roku","dzien_roku_f"
"114",-0.0224270184891777,"wind_speed_10m_next","LMM RIFS dzien_roku","dzien_roku_f"
"115",0.00611564300455293,"wind_speed_10m_next","LMM RIFS dzien_roku","dzien_roku_f"
"116",-0.0422892922216231,"wind_speed_10m_next","LMM RIFS dzien_roku","dzien_roku_f"
"117",-0.0286282853722161,"wind_speed_10m_next","LMM RIFS dzien_roku","dzien_roku_f"
"118",-0.00795089868758607,"wind_speed_10m_next","LMM RIFS dzien_roku","dzien_roku_f"
"119",-0.0123695115235888,"wind_speed_10m_next","LMM RIFS dzien_roku","dzien_roku_f"
"120",0.0147708368667941,"wind_speed_10m_next","LMM RIFS dzien_roku","dzien_roku_f"
"121",-0.0199282974356671,"wind_speed_10m_next","LMM RIFS dzien_roku","dzien_roku_f"
"122",0.000318862012891183,"wind_speed_10m_next","LMM RIFS dzien_roku","dzien_roku_f"
"123",0.00511335807372174,"wind_speed_10m_next","LMM RIFS dzien_roku","dzien_roku_f"
"124",-0.0206984751977834,"wind_speed_10m_next","LMM RIFS dzien_roku","dzien_roku_f"
"125",0.0203876026756649,"wind_speed_10m_next","LMM RIFS dzien_roku","dzien_roku_f"
"126",0.0173877647850829,"wind_speed_10m_next","LMM RIFS dzien_roku","dzien_roku_f"
"127",-0.0167723631640087,"wind_speed_10m_next","LMM RIFS dzien_roku","dzien_roku_f"
"128",-0.00485624168669255,"wind_speed_10m_next","LMM RIFS dzien_roku","dzien_roku_f"
"129",-0.0291802588343229,"wind_speed_10m_next","LMM RIFS dzien_roku","dzien_roku_f"
"130",-0.0126687586636525,"wind_speed_10m_next","LMM RIFS dzien_roku","dzien_roku_f"
"131",-0.0374656264601817,"wind_speed_10m_next","LMM RIFS dzien_roku","dzien_roku_f"
"132",0.0107494398548831,"wind_speed_10m_next","LMM RIFS dzien_roku","dzien_roku_f"
"133",0.0515798463967185,"wind_speed_10m_next","LMM RIFS dzien_roku","dzien_roku_f"
"134",-0.00885532660898422,"wind_speed_10m_next","LMM RIFS dzien_roku","dzien_roku_f"
"135",0.029644329675429,"wind_speed_10m_next","LMM RIFS dzien_roku","dzien_roku_f"
"136",0.00582948294712316,"wind_speed_10m_next","LMM RIFS dzien_roku","dzien_roku_f"
"137",0.00554457944946497,"wind_speed_10m_next","LMM RIFS dzien_roku","dzien_roku_f"
"138",0.00395500085110816,"wind_speed_10m_next","LMM RIFS dzien_roku","dzien_roku_f"
"139",-0.0336649628293513,"wind_speed_10m_next","LMM RIFS dzien_roku","dzien_roku_f"
"140",-0.00893666728735441,"wind_speed_10m_next","LMM RIFS dzien_roku","dzien_roku_f"
"141",-0.0148281445143707,"wind_speed_10m_next","LMM RIFS dzien_roku","dzien_roku_f"
"142",-0.0197794615883675,"wind_speed_10m_next","LMM RIFS dzien_roku","dzien_roku_f"
"143",0.0167010515397194,"wind_speed_10m_next","LMM RIFS dzien_roku","dzien_roku_f"
"144",-0.0055390533518033,"wind_speed_10m_next","LMM RIFS dzien_roku","dzien_roku_f"
"145",-0.00413722324060449,"wind_speed_10m_next","LMM RIFS dzien_roku","dzien_roku_f"
"146",0.0507596343353908,"wind_speed_10m_next","LMM RIFS dzien_roku","dzien_roku_f"
"147",-0.00774029241623348,"wind_speed_10m_next","LMM RIFS dzien_roku","dzien_roku_f"
"148",0.0190208227982416,"wind_speed_10m_next","LMM RIFS dzien_roku","dzien_roku_f"
"149",-0.00149057152140031,"wind_speed_10m_next","LMM RIFS dzien_roku","dzien_roku_f"
"150",0.0223928898212023,"wind_speed_10m_next","LMM RIFS dzien_roku","dzien_roku_f"
"151",-0.00437799375146078,"wind_speed_10m_next","LMM RIFS dzien_roku","dzien_roku_f"
"152",-0.00339999863077025,"wind_speed_10m_next","LMM RIFS dzien_roku","dzien_roku_f"
"153",0.0203604301632971,"wind_speed_10m_next","LMM RIFS dzien_roku","dzien_roku_f"
"154",-0.00549077217387637,"wind_speed_10m_next","LMM RIFS dzien_roku","dzien_roku_f"
"155",0.00212138282607356,"wind_speed_10m_next","LMM RIFS dzien_roku","dzien_roku_f"
"156",-0.016063146695149,"wind_speed_10m_next","LMM RIFS dzien_roku","dzien_roku_f"
"157",0.00960017878119177,"wind_speed_10m_next","LMM RIFS dzien_roku","dzien_roku_f"
"158",-0.0171115197016973,"wind_speed_10m_next","LMM RIFS dzien_roku","dzien_roku_f"
"159",-0.0131701742502299,"wind_speed_10m_next","LMM RIFS dzien_roku","dzien_roku_f"
"160",-0.000439458158951798,"wind_speed_10m_next","LMM RIFS dzien_roku","dzien_roku_f"
"161",0.00550584831440334,"wind_speed_10m_next","LMM RIFS dzien_roku","dzien_roku_f"
"162",0.0370109467105503,"wind_speed_10m_next","LMM RIFS dzien_roku","dzien_roku_f"
"163",0.0435934269699952,"wind_speed_10m_next","LMM RIFS dzien_roku","dzien_roku_f"
"164",0.020508160719736,"wind_speed_10m_next","LMM RIFS dzien_roku","dzien_roku_f"
"165",0.0257193069969057,"wind_speed_10m_next","LMM RIFS dzien_roku","dzien_roku_f"
"166",0.0054129119880245,"wind_speed_10m_next","LMM RIFS dzien_roku","dzien_roku_f"
"167",0.00538424836019431,"wind_speed_10m_next","LMM RIFS dzien_roku","dzien_roku_f"
"168",-0.0126838110638211,"wind_speed_10m_next","LMM RIFS dzien_roku","dzien_roku_f"
"169",0.0203056980193017,"wind_speed_10m_next","LMM RIFS dzien_roku","dzien_roku_f"
"170",-0.0127928323605247,"wind_speed_10m_next","LMM RIFS dzien_roku","dzien_roku_f"
"171",0.000317405062457579,"wind_speed_10m_next","LMM RIFS dzien_roku","dzien_roku_f"
"172",0.0144359806864513,"wind_speed_10m_next","LMM RIFS dzien_roku","dzien_roku_f"
"173",0.0244261607704945,"wind_speed_10m_next","LMM RIFS dzien_roku","dzien_roku_f"
"174",-0.00573365908386873,"wind_speed_10m_next","LMM RIFS dzien_roku","dzien_roku_f"
"175",0.0392535972194585,"wind_speed_10m_next","LMM RIFS dzien_roku","dzien_roku_f"
"176",-0.0264145048456908,"wind_speed_10m_next","LMM RIFS dzien_roku","dzien_roku_f"
"177",0.0206883152804746,"wind_speed_10m_next","LMM RIFS dzien_roku","dzien_roku_f"
"178",0.0223496093620096,"wind_speed_10m_next","LMM RIFS dzien_roku","dzien_roku_f"
"179",-0.0125053770854739,"wind_speed_10m_next","LMM RIFS dzien_roku","dzien_roku_f"
"180",-0.0112184396163643,"wind_speed_10m_next","LMM RIFS dzien_roku","dzien_roku_f"
"181",0.0291085493671442,"wind_speed_10m_next","LMM RIFS dzien_roku","dzien_roku_f"
"182",-0.0288827313096151,"wind_speed_10m_next","LMM RIFS dzien_roku","dzien_roku_f"
"183",0.00484614992020709,"wind_speed_10m_next","LMM RIFS dzien_roku","dzien_roku_f"
"184",0.002081418425458,"wind_speed_10m_next","LMM RIFS dzien_roku","dzien_roku_f"
"185",-0.0403977556661752,"wind_speed_10m_next","LMM RIFS dzien_roku","dzien_roku_f"
"186",-0.00902621126461981,"wind_speed_10m_next","LMM RIFS dzien_roku","dzien_roku_f"
"187",-0.00760724322616063,"wind_speed_10m_next","LMM RIFS dzien_roku","dzien_roku_f"
"188",0.013516895238654,"wind_speed_10m_next","LMM RIFS dzien_roku","dzien_roku_f"
"189",0.013473512347387,"wind_speed_10m_next","LMM RIFS dzien_roku","dzien_roku_f"
"190",0.00627951877539714,"wind_speed_10m_next","LMM RIFS dzien_roku","dzien_roku_f"
"191",-0.00641070973672432,"wind_speed_10m_next","LMM RIFS dzien_roku","dzien_roku_f"
"192",-0.0315720392743569,"wind_speed_10m_next","LMM RIFS dzien_roku","dzien_roku_f"
"193",-0.0367740284564241,"wind_speed_10m_next","LMM RIFS dzien_roku","dzien_roku_f"
"194",0.0198318350708633,"wind_speed_10m_next","LMM RIFS dzien_roku","dzien_roku_f"
"195",-0.011601249532362,"wind_speed_10m_next","LMM RIFS dzien_roku","dzien_roku_f"
"196",0.029914527883957,"wind_speed_10m_next","LMM RIFS dzien_roku","dzien_roku_f"
"197",-0.0164516111436746,"wind_speed_10m_next","LMM RIFS dzien_roku","dzien_roku_f"
"198",0.0234769098273857,"wind_speed_10m_next","LMM RIFS dzien_roku","dzien_roku_f"
"199",-0.0124296109537414,"wind_speed_10m_next","LMM RIFS dzien_roku","dzien_roku_f"
"200",-0.0226874684355768,"wind_speed_10m_next","LMM RIFS dzien_roku","dzien_roku_f"
"201",0.0280804126116162,"wind_speed_10m_next","LMM RIFS dzien_roku","dzien_roku_f"
"202",-0.033482053503342,"wind_speed_10m_next","LMM RIFS dzien_roku","dzien_roku_f"
"203",-0.000775733562167032,"wind_speed_10m_next","LMM RIFS dzien_roku","dzien_roku_f"
"204",0.00532632861830238,"wind_speed_10m_next","LMM RIFS dzien_roku","dzien_roku_f"
"205",-0.0356044065322086,"wind_speed_10m_next","LMM RIFS dzien_roku","dzien_roku_f"
"206",0.0129999092036723,"wind_speed_10m_next","LMM RIFS dzien_roku","dzien_roku_f"
"207",-0.0591973204767812,"wind_speed_10m_next","LMM RIFS dzien_roku","dzien_roku_f"
"208",-0.0189396959590253,"wind_speed_10m_next","LMM RIFS dzien_roku","dzien_roku_f"
"209",-0.0481031858625726,"wind_speed_10m_next","LMM RIFS dzien_roku","dzien_roku_f"
"210",-0.0286623674610394,"wind_speed_10m_next","LMM RIFS dzien_roku","dzien_roku_f"
"211",0.0149223875440939,"wind_speed_10m_next","LMM RIFS dzien_roku","dzien_roku_f"
"212",-0.0049876194483557,"wind_speed_10m_next","LMM RIFS dzien_roku","dzien_roku_f"
"213",-0.0336790256259695,"wind_speed_10m_next","LMM RIFS dzien_roku","dzien_roku_f"
"214",-0.0244828697102843,"wind_speed_10m_next","LMM RIFS dzien_roku","dzien_roku_f"
"215",-0.00148044966625744,"wind_speed_10m_next","LMM RIFS dzien_roku","dzien_roku_f"
"216",-0.0256273120932682,"wind_speed_10m_next","LMM RIFS dzien_roku","dzien_roku_f"
"217",-0.0098243062967852,"wind_speed_10m_next","LMM RIFS dzien_roku","dzien_roku_f"
"218",0.00123656851322397,"wind_speed_10m_next","LMM RIFS dzien_roku","dzien_roku_f"
"219",-0.0425391082700304,"wind_speed_10m_next","LMM RIFS dzien_roku","dzien_roku_f"
"220",0.0097953780255055,"wind_speed_10m_next","LMM RIFS dzien_roku","dzien_roku_f"
"221",-0.0177881301964412,"wind_speed_10m_next","LMM RIFS dzien_roku","dzien_roku_f"
"222",0.00418521655496509,"wind_speed_10m_next","LMM RIFS dzien_roku","dzien_roku_f"
"223",0.00481079543768378,"wind_speed_10m_next","LMM RIFS dzien_roku","dzien_roku_f"
"224",-0.0411349927680935,"wind_speed_10m_next","LMM RIFS dzien_roku","dzien_roku_f"
"225",0.015739780504328,"wind_speed_10m_next","LMM RIFS dzien_roku","dzien_roku_f"
"226",-0.0172076317225554,"wind_speed_10m_next","LMM RIFS dzien_roku","dzien_roku_f"
"227",-0.00237117903665913,"wind_speed_10m_next","LMM RIFS dzien_roku","dzien_roku_f"
"228",-0.0222973419569593,"wind_speed_10m_next","LMM RIFS dzien_roku","dzien_roku_f"
"229",-0.0218985023825004,"wind_speed_10m_next","LMM RIFS dzien_roku","dzien_roku_f"
"230",0.0135610800269259,"wind_speed_10m_next","LMM RIFS dzien_roku","dzien_roku_f"
"231",-0.0234279557644273,"wind_speed_10m_next","LMM RIFS dzien_roku","dzien_roku_f"
"232",-0.030256348601296,"wind_speed_10m_next","LMM RIFS dzien_roku","dzien_roku_f"
"233",-0.0416187076917871,"wind_speed_10m_next","LMM RIFS dzien_roku","dzien_roku_f"
"234",0.0101440387422391,"wind_speed_10m_next","LMM RIFS dzien_roku","dzien_roku_f"
"235",0.00676723171927087,"wind_speed_10m_next","LMM RIFS dzien_roku","dzien_roku_f"
"236",0.00493594945076522,"wind_speed_10m_next","LMM RIFS dzien_roku","dzien_roku_f"
"237",0.00738880854114681,"wind_speed_10m_next","LMM RIFS dzien_roku","dzien_roku_f"
"238",-0.0272771878924014,"wind_speed_10m_next","LMM RIFS dzien_roku","dzien_roku_f"
"239",0.0085730183911353,"wind_speed_10m_next","LMM RIFS dzien_roku","dzien_roku_f"
"240",-0.0236043586349855,"wind_speed_10m_next","LMM RIFS dzien_roku","dzien_roku_f"
"241",0.00287281947540246,"wind_speed_10m_next","LMM RIFS dzien_roku","dzien_roku_f"
"242",-0.00524297849823764,"wind_speed_10m_next","LMM RIFS dzien_roku","dzien_roku_f"
"243",0.0512470486663081,"wind_speed_10m_next","LMM RIFS dzien_roku","dzien_roku_f"
"244",-0.00404060791231063,"wind_speed_10m_next","LMM RIFS dzien_roku","dzien_roku_f"
"245",0.0329735181538574,"wind_speed_10m_next","LMM RIFS dzien_roku","dzien_roku_f"
"246",-0.00924644198012796,"wind_speed_10m_next","LMM RIFS dzien_roku","dzien_roku_f"
"247",-0.00146068324548778,"wind_speed_10m_next","LMM RIFS dzien_roku","dzien_roku_f"
"248",0.00212321359456305,"wind_speed_10m_next","LMM RIFS dzien_roku","dzien_roku_f"
"249",-0.0132322789158921,"wind_speed_10m_next","LMM RIFS dzien_roku","dzien_roku_f"
"250",-0.0181179821733644,"wind_speed_10m_next","LMM RIFS dzien_roku","dzien_roku_f"
"251",0.0227167431966658,"wind_speed_10m_next","LMM RIFS dzien_roku","dzien_roku_f"
"252",-0.0180591519290788,"wind_speed_10m_next","LMM RIFS dzien_roku","dzien_roku_f"
"253",-0.0400548632325391,"wind_speed_10m_next","LMM RIFS dzien_roku","dzien_roku_f"
"254",-0.0245624135326894,"wind_speed_10m_next","LMM RIFS dzien_roku","dzien_roku_f"
"255",-0.0239257093838673,"wind_speed_10m_next","LMM RIFS dzien_roku","dzien_roku_f"
"256",0.043906235500047,"wind_speed_10m_next","LMM RIFS dzien_roku","dzien_roku_f"
"257",0.0329972654445282,"wind_speed_10m_next","LMM RIFS dzien_roku","dzien_roku_f"
"258",0.0532789978865849,"wind_speed_10m_next","LMM RIFS dzien_roku","dzien_roku_f"
"259",-0.0116244487705211,"wind_speed_10m_next","LMM RIFS dzien_roku","dzien_roku_f"
"260",0.0103032123769093,"wind_speed_10m_next","LMM RIFS dzien_roku","dzien_roku_f"
"261",-0.00187338203981986,"wind_speed_10m_next","LMM RIFS dzien_roku","dzien_roku_f"
"262",-0.0118249053876746,"wind_speed_10m_next","LMM RIFS dzien_roku","dzien_roku_f"
"263",0.020311149083539,"wind_speed_10m_next","LMM RIFS dzien_roku","dzien_roku_f"
"264",0.00889871860676752,"wind_speed_10m_next","LMM RIFS dzien_roku","dzien_roku_f"
"265",0.0396849133156805,"wind_speed_10m_next","LMM RIFS dzien_roku","dzien_roku_f"
"266",0.0205592122871899,"wind_speed_10m_next","LMM RIFS dzien_roku","dzien_roku_f"
"267",0.00449605129052195,"wind_speed_10m_next","LMM RIFS dzien_roku","dzien_roku_f"
"268",-0.023061454975982,"wind_speed_10m_next","LMM RIFS dzien_roku","dzien_roku_f"
"269",0.0117132291723748,"wind_speed_10m_next","LMM RIFS dzien_roku","dzien_roku_f"
"270",0.0170867884114534,"wind_speed_10m_next","LMM RIFS dzien_roku","dzien_roku_f"
"271",0.0369114112573956,"wind_speed_10m_next","LMM RIFS dzien_roku","dzien_roku_f"
"272",-0.00998269093825867,"wind_speed_10m_next","LMM RIFS dzien_roku","dzien_roku_f"
"273",0.0263986063647293,"wind_speed_10m_next","LMM RIFS dzien_roku","dzien_roku_f"
"274",0.0281268866899438,"wind_speed_10m_next","LMM RIFS dzien_roku","dzien_roku_f"
"275",-0.00537290694920856,"wind_speed_10m_next","LMM RIFS dzien_roku","dzien_roku_f"
"276",0.00461500625419257,"wind_speed_10m_next","LMM RIFS dzien_roku","dzien_roku_f"
"277",0.0593316673692321,"wind_speed_10m_next","LMM RIFS dzien_roku","dzien_roku_f"
"278",0.00236716061609694,"wind_speed_10m_next","LMM RIFS dzien_roku","dzien_roku_f"
"279",0.0666026952510242,"wind_speed_10m_next","LMM RIFS dzien_roku","dzien_roku_f"
"280",-0.0035316407291754,"wind_speed_10m_next","LMM RIFS dzien_roku","dzien_roku_f"
"281",0.0217190351774639,"wind_speed_10m_next","LMM RIFS dzien_roku","dzien_roku_f"
"282",-0.0309212538389963,"wind_speed_10m_next","LMM RIFS dzien_roku","dzien_roku_f"
"283",0.0191379639331199,"wind_speed_10m_next","LMM RIFS dzien_roku","dzien_roku_f"
"284",0.0770969325166166,"wind_speed_10m_next","LMM RIFS dzien_roku","dzien_roku_f"
"285",0.034580559284199,"wind_speed_10m_next","LMM RIFS dzien_roku","dzien_roku_f"
"286",0.0338360859901449,"wind_speed_10m_next","LMM RIFS dzien_roku","dzien_roku_f"
"287",0.0370462700165047,"wind_speed_10m_next","LMM RIFS dzien_roku","dzien_roku_f"
"288",-0.0273042921522012,"wind_speed_10m_next","LMM RIFS dzien_roku","dzien_roku_f"
"289",-0.0174807953868016,"wind_speed_10m_next","LMM RIFS dzien_roku","dzien_roku_f"
"290",0.00474669154052723,"wind_speed_10m_next","LMM RIFS dzien_roku","dzien_roku_f"
"291",-0.00559999364297678,"wind_speed_10m_next","LMM RIFS dzien_roku","dzien_roku_f"
"292",0.0276069302647115,"wind_speed_10m_next","LMM RIFS dzien_roku","dzien_roku_f"
"293",0.00713874659344541,"wind_speed_10m_next","LMM RIFS dzien_roku","dzien_roku_f"
"294",-0.00852762244756157,"wind_speed_10m_next","LMM RIFS dzien_roku","dzien_roku_f"
"295",-0.00612890907480041,"wind_speed_10m_next","LMM RIFS dzien_roku","dzien_roku_f"
"296",-0.00941101035207264,"wind_speed_10m_next","LMM RIFS dzien_roku","dzien_roku_f"
"297",0.024695663858253,"wind_speed_10m_next","LMM RIFS dzien_roku","dzien_roku_f"
"298",0.000137025510908069,"wind_speed_10m_next","LMM RIFS dzien_roku","dzien_roku_f"
"299",0.0260063061451817,"wind_speed_10m_next","LMM RIFS dzien_roku","dzien_roku_f"
"300",-0.0116156111245754,"wind_speed_10m_next","LMM RIFS dzien_roku","dzien_roku_f"
"301",0.0366589099237113,"wind_speed_10m_next","LMM RIFS dzien_roku","dzien_roku_f"
"302",-0.00119796912875078,"wind_speed_10m_next","LMM RIFS dzien_roku","dzien_roku_f"
"303",0.00298488474269438,"wind_speed_10m_next","LMM RIFS dzien_roku","dzien_roku_f"
"304",0.0439354761988572,"wind_speed_10m_next","LMM RIFS dzien_roku","dzien_roku_f"
"305",0.00315874543551067,"wind_speed_10m_next","LMM RIFS dzien_roku","dzien_roku_f"
"306",-0.0214608582034211,"wind_speed_10m_next","LMM RIFS dzien_roku","dzien_roku_f"
"307",-0.0161223477553305,"wind_speed_10m_next","LMM RIFS dzien_roku","dzien_roku_f"
"308",-0.032640593630572,"wind_speed_10m_next","LMM RIFS dzien_roku","dzien_roku_f"
"309",-0.0250869561080687,"wind_speed_10m_next","LMM RIFS dzien_roku","dzien_roku_f"
"310",0.024842617595605,"wind_speed_10m_next","LMM RIFS dzien_roku","dzien_roku_f"
"311",-0.0186857140908871,"wind_speed_10m_next","LMM RIFS dzien_roku","dzien_roku_f"
"312",-0.0382421649843522,"wind_speed_10m_next","LMM RIFS dzien_roku","dzien_roku_f"
"313",0.0208189941645656,"wind_speed_10m_next","LMM RIFS dzien_roku","dzien_roku_f"
"314",-0.0499126779126555,"wind_speed_10m_next","LMM RIFS dzien_roku","dzien_roku_f"
"315",0.0269674866942177,"wind_speed_10m_next","LMM RIFS dzien_roku","dzien_roku_f"
"316",-0.0296312925932679,"wind_speed_10m_next","LMM RIFS dzien_roku","dzien_roku_f"
"317",-0.00757061542639498,"wind_speed_10m_next","LMM RIFS dzien_roku","dzien_roku_f"
"318",-0.00470552885430363,"wind_speed_10m_next","LMM RIFS dzien_roku","dzien_roku_f"
"319",-0.0185690315214941,"wind_speed_10m_next","LMM RIFS dzien_roku","dzien_roku_f"
"320",0.0311999113425627,"wind_speed_10m_next","LMM RIFS dzien_roku","dzien_roku_f"
"321",-0.0063440507278786,"wind_speed_10m_next","LMM RIFS dzien_roku","dzien_roku_f"
"322",0.00912346889685066,"wind_speed_10m_next","LMM RIFS dzien_roku","dzien_roku_f"
"323",0.0349323436158141,"wind_speed_10m_next","LMM RIFS dzien_roku","dzien_roku_f"
"324",-0.0260568424862017,"wind_speed_10m_next","LMM RIFS dzien_roku","dzien_roku_f"
"325",-0.045225724591334,"wind_speed_10m_next","LMM RIFS dzien_roku","dzien_roku_f"
"326",-0.00740626713528131,"wind_speed_10m_next","LMM RIFS dzien_roku","dzien_roku_f"
"327",0.000667959865788733,"wind_speed_10m_next","LMM RIFS dzien_roku","dzien_roku_f"
"328",-0.0157992936547834,"wind_speed_10m_next","LMM RIFS dzien_roku","dzien_roku_f"
"329",-0.0342724989447732,"wind_speed_10m_next","LMM RIFS dzien_roku","dzien_roku_f"
"330",-0.0352289924212863,"wind_speed_10m_next","LMM RIFS dzien_roku","dzien_roku_f"
"331",0.00820605442152817,"wind_speed_10m_next","LMM RIFS dzien_roku","dzien_roku_f"
"332",0.00253428768680403,"wind_speed_10m_next","LMM RIFS dzien_roku","dzien_roku_f"
"333",0.0175013919551615,"wind_speed_10m_next","LMM RIFS dzien_roku","dzien_roku_f"
"334",-0.00885972829019535,"wind_speed_10m_next","LMM RIFS dzien_roku","dzien_roku_f"
"335",0.0021105401805035,"wind_speed_10m_next","LMM RIFS dzien_roku","dzien_roku_f"
"336",-0.0399194142954272,"wind_speed_10m_next","LMM RIFS dzien_roku","dzien_roku_f"
"337",0.0422287586669692,"wind_speed_10m_next","LMM RIFS dzien_roku","dzien_roku_f"
"338",-0.0177236200758795,"wind_speed_10m_next","LMM RIFS dzien_roku","dzien_roku_f"
"339",0.0518529743696417,"wind_speed_10m_next","LMM RIFS dzien_roku","dzien_roku_f"
"340",0.00440034129323485,"wind_speed_10m_next","LMM RIFS dzien_roku","dzien_roku_f"
"341",-0.0193695965299074,"wind_speed_10m_next","LMM RIFS dzien_roku","dzien_roku_f"
"342",0.0226329730038489,"wind_speed_10m_next","LMM RIFS dzien_roku","dzien_roku_f"
"343",-0.0292636045285973,"wind_speed_10m_next","LMM RIFS dzien_roku","dzien_roku_f"
"344",0.0273736422898733,"wind_speed_10m_next","LMM RIFS dzien_roku","dzien_roku_f"
"345",-0.0388397664860341,"wind_speed_10m_next","LMM RIFS dzien_roku","dzien_roku_f"
"346",0.0251977292599414,"wind_speed_10m_next","LMM RIFS dzien_roku","dzien_roku_f"
"347",-0.0210096004214252,"wind_speed_10m_next","LMM RIFS dzien_roku","dzien_roku_f"
"348",-0.037555023888837,"wind_speed_10m_next","LMM RIFS dzien_roku","dzien_roku_f"
"349",0.0365112289820535,"wind_speed_10m_next","LMM RIFS dzien_roku","dzien_roku_f"
"350",-0.00657798615359477,"wind_speed_10m_next","LMM RIFS dzien_roku","dzien_roku_f"
"351",-0.000936156270758827,"wind_speed_10m_next","LMM RIFS dzien_roku","dzien_roku_f"
"352",-0.00893734436498953,"wind_speed_10m_next","LMM RIFS dzien_roku","dzien_roku_f"
"353",-0.00894297466728931,"wind_speed_10m_next","LMM RIFS dzien_roku","dzien_roku_f"
"354",-0.0171798265945594,"wind_speed_10m_next","LMM RIFS dzien_roku","dzien_roku_f"
"355",-0.0280605193773679,"wind_speed_10m_next","LMM RIFS dzien_roku","dzien_roku_f"
"356",-0.00358235571986656,"wind_speed_10m_next","LMM RIFS dzien_roku","dzien_roku_f"
"357",0.0257390944827936,"wind_speed_10m_next","LMM RIFS dzien_roku","dzien_roku_f"
"358",0.0287946281905768,"wind_speed_10m_next","LMM RIFS dzien_roku","dzien_roku_f"
"359",-0.0243901123679797,"wind_speed_10m_next","LMM RIFS dzien_roku","dzien_roku_f"
"360",-0.0157597817722699,"wind_speed_10m_next","LMM RIFS dzien_roku","dzien_roku_f"
"361",0.0117817877921663,"wind_speed_10m_next","LMM RIFS dzien_roku","dzien_roku_f"
"362",-0.0266062739838018,"wind_speed_10m_next","LMM RIFS dzien_roku","dzien_roku_f"
"363",-0.041909528120666,"wind_speed_10m_next","LMM RIFS dzien_roku","dzien_roku_f"
"364",0.0412612545827401,"wind_speed_10m_next","LMM RIFS dzien_roku","dzien_roku_f"
"365",-0.0152193377784172,"wind_speed_10m_next","LMM RIFS dzien_roku","dzien_roku_f"
"366",-0.00761618179857954,"wind_speed_10m_next","LMM RIFS dzien_roku","dzien_roku_f"
